# ************************************************************
# Sequel Pro SQL dump
# Version 4135
#
# http://www.sequelpro.com/
# http://code.google.com/p/sequel-pro/
#
# Host: 127.0.0.1 (MySQL 5.5.42)
# Database: plani4
# Generation Time: 2018-06-13 17:34:50 +0000
# ************************************************************


/*!40101 SET @OLD_CHARACTER_SET_CLIENT=@@CHARACTER_SET_CLIENT */;
/*!40101 SET @OLD_CHARACTER_SET_RESULTS=@@CHARACTER_SET_RESULTS */;
/*!40101 SET @OLD_COLLATION_CONNECTION=@@COLLATION_CONNECTION */;
/*!40101 SET NAMES utf8 */;
/*!40014 SET @OLD_FOREIGN_KEY_CHECKS=@@FOREIGN_KEY_CHECKS, FOREIGN_KEY_CHECKS=0 */;
/*!40101 SET @OLD_SQL_MODE=@@SQL_MODE, SQL_MODE='NO_AUTO_VALUE_ON_ZERO' */;
/*!40111 SET @OLD_SQL_NOTES=@@SQL_NOTES, SQL_NOTES=0 */;


# Dump of table bodyshop_categoria
# ------------------------------------------------------------

DROP TABLE IF EXISTS `bodyshop_categoria`;

CREATE TABLE `bodyshop_categoria` (
  `id` int(11) unsigned NOT NULL AUTO_INCREMENT,
  `categoria` varchar(200) COLLATE latin1_spanish_ci DEFAULT NULL,
  `tipo` int(11) DEFAULT NULL,
  PRIMARY KEY (`id`)
) ENGINE=InnoDB DEFAULT CHARSET=latin1 COLLATE=latin1_spanish_ci;

LOCK TABLES `bodyshop_categoria` WRITE;
/*!40000 ALTER TABLE `bodyshop_categoria` DISABLE KEYS */;

INSERT INTO `bodyshop_categoria` (`id`, `categoria`, `tipo`)
VALUES
	(1,'PARTE DELANTERA',1),
	(2,'PARTE TRASERA',1),
	(3,'INTERIOR',1),
	(4,'LADO IZQUIERDO',1),
	(5,'LADO DERECHO',1),
	(6,'MOTOR',2),
	(7,'SUSPENSIÓN',2),
	(8,'SUPENSIÓN TRASERA',2),
	(9,'DIRECCIÓN',2),
	(10,'VARIOS',2),
	(11,'TRASMISION',2),
	(12,'INTERIORES',2);

/*!40000 ALTER TABLE `bodyshop_categoria` ENABLE KEYS */;
UNLOCK TABLES;


# Dump of table bodyshop_detalle_presupuesto
# ------------------------------------------------------------

DROP TABLE IF EXISTS `bodyshop_detalle_presupuesto`;

CREATE TABLE `bodyshop_detalle_presupuesto` (
  `id` int(11) unsigned NOT NULL AUTO_INCREMENT,
  `tipo` varchar(6) COLLATE latin1_spanish_ci DEFAULT NULL,
  `idparte` int(11) DEFAULT NULL,
  `noparte` int(11) DEFAULT NULL,
  `precio` float DEFAULT NULL,
  `existencia` int(11) DEFAULT NULL,
  `idbody` int(11) DEFAULT NULL,
  PRIMARY KEY (`id`)
) ENGINE=InnoDB DEFAULT CHARSET=latin1 COLLATE=latin1_spanish_ci;

LOCK TABLES `bodyshop_detalle_presupuesto` WRITE;
/*!40000 ALTER TABLE `bodyshop_detalle_presupuesto` DISABLE KEYS */;

INSERT INTO `bodyshop_detalle_presupuesto` (`id`, `tipo`, `idparte`, `noparte`, `precio`, `existencia`, `idbody`)
VALUES
	(252,'C',1,1,1,1,1),
	(253,'R',2,2,2,2,1),
	(254,'P',3,3,3,3,1);

/*!40000 ALTER TABLE `bodyshop_detalle_presupuesto` ENABLE KEYS */;
UNLOCK TABLES;


# Dump of table bodyshop_presupuesto
# ------------------------------------------------------------

DROP TABLE IF EXISTS `bodyshop_presupuesto`;

CREATE TABLE `bodyshop_presupuesto` (
  `id` int(11) unsigned NOT NULL AUTO_INCREMENT,
  `fecha` date DEFAULT NULL,
  `torre` varchar(200) COLLATE latin1_spanish_ci DEFAULT NULL,
  `tipo_vehiculo` varchar(200) COLLATE latin1_spanish_ci DEFAULT NULL,
  `placas` varchar(50) COLLATE latin1_spanish_ci DEFAULT NULL,
  `serie` varchar(200) COLLATE latin1_spanish_ci DEFAULT NULL,
  `orden_reparacion` varchar(100) COLLATE latin1_spanish_ci DEFAULT NULL,
  `idcolor` int(11) DEFAULT NULL,
  `idmodelo` int(11) DEFAULT NULL,
  `aseguradora` varchar(200) COLLATE latin1_spanish_ci DEFAULT NULL,
  PRIMARY KEY (`id`)
) ENGINE=InnoDB DEFAULT CHARSET=latin1 COLLATE=latin1_spanish_ci;



# Dump of table bodyshop_subcategoria
# ------------------------------------------------------------

DROP TABLE IF EXISTS `bodyshop_subcategoria`;

CREATE TABLE `bodyshop_subcategoria` (
  `id` int(11) unsigned NOT NULL AUTO_INCREMENT,
  `subcategoria` varchar(200) COLLATE latin1_spanish_ci DEFAULT NULL,
  `idcategoria` int(11) DEFAULT NULL,
  PRIMARY KEY (`id`)
) ENGINE=InnoDB DEFAULT CHARSET=latin1 COLLATE=latin1_spanish_ci;

LOCK TABLES `bodyshop_subcategoria` WRITE;
/*!40000 ALTER TABLE `bodyshop_subcategoria` DISABLE KEYS */;

INSERT INTO `bodyshop_subcategoria` (`id`, `subcategoria`, `idcategoria`)
VALUES
	(1,'FACIA',1),
	(2,'PARRILLA',1),
	(3,'REJILLA DE FACIA DEL. IZQ.',1),
	(4,'REJILLA DE FACIA DEL DER',1),
	(5,'REJILLA DE FACIA DEL CENTRAL',1),
	(6,'PORTAPLACAS',1),
	(7,'ALMA DE FACIA',1),
	(8,'REFUERZO',1),
	(9,'GUIA DERECHA',1),
	(10,'GUIA IZQUIERDA',1),
	(11,'MARCO RADIADOR SUP',1),
	(12,'MARCO RADIADOR INF',1),
	(13,'COFRE',1),
	(14,'BISAGRA DE COFRE IZQ',1),
	(15,'BISAGRA DE COFRE DER.',1),
	(16,'FARO IZQ /BOMBILLOS',1),
	(17,'FARO DER. /BOMBILLOS',1),
	(18,'FARO DE NIEBLA IZQ',1),
	(19,'FARO DE NIEBLA DER.',1),
	(20,'SALPICADERO IZQ',1),
	(21,'SALPICADERO DER. ',1),
	(22,'TOLVA LODERA IZQ. ',1),
	(23,'TOLVA LODERA DER. ',1),
	(24,'DEFECTOR AIRE IZQ',1),
	(25,'DEFECTOR AIRE DER.',1),
	(26,'DEFECTOR AIRE INF',1),
	(27,'DEFECTOR DE AIRE SUP',1),
	(28,'EMBLEMA ',1),
	(29,'BASTIDOR IZQ',1),
	(30,'BATIDOR DERCH',1),
	(31,'PUNTA LANZA IZQ',1),
	(32,'PUNTA LANZA DECH',1),
	(33,'BASE DE CHAPA COFRE',1),
	(34,'CHAPA DE COFRE',1),
	(35,'CHICOTE',1),
	(36,'TOLVA INF MOTOR',1),
	(37,'GUATA DE COFRE',1),
	(38,'MULDURA PARABRISAS DER',1),
	(39,'MULDURA PARABRISAS IZQ',1),
	(40,'CRISTAL PARABRISAS',1),
	(41,'EMPAQUE PARABRISAS',1),
	(42,'POSTE PARABRISAS DER',1),
	(43,'BICEL DE PARRILLA',1),
	(44,'MOLDURA PARRILLA 1',1),
	(45,'MOLDURA PARRILLA 2',1),
	(46,'MOLDURA PARRILLA 3',1),
	(47,'MOLDURA PARRILLA 4',1),
	(48,'FACIA',2),
	(49,'SPOILER',2),
	(50,'ANTIPACTO',2),
	(51,'GUIA DERECHA',2),
	(52,'GUIA IZQUIERDA',2),
	(53,'TOLVA CALAVERA INT',2),
	(54,'TOLVA CALAVERA EXT',2),
	(55,'TAPA CAJUELA',2),
	(56,'EMPAQUE TAPA CAJUELA',2),
	(57,'BISAGRA IZQ',2),
	(58,'BISAGRA DER',2),
	(59,'PISO ',2),
	(60,'CALAVERA IZQ/FOCOS',2),
	(61,'CALAVERA DER/FOCOS',2),
	(62,'MEDALLON',2),
	(63,'EMPAQUE MEDALLON',2),
	(64,'CUBIERTA  REFACCION',2),
	(65,'ALOJAMIENTO CALAVERA IZQ',2),
	(66,'ALOJAMIENTO CALAVERA DER',2),
	(67,'TECHO',2),
	(68,'REFUERZO TRASERO',2),
	(69,'EMBLEMA CAJUELA',2),
	(70,'MOLDURA TAPA CAJUELA',2),
	(71,'TABLERO-INSTRUMENTAL',3),
	(72,'CONSOLA-GUANTERA',3),
	(73,'TAPA DE PUERTA DEL DER.',3),
	(74,'TAPA DE PUERTA DEL IZQ',3),
	(75,'TAPA DE PUERTA TRAS DER',3),
	(76,'TAPA DE PUERTA TRAS IZQ',3),
	(77,'TAPA DE COSTADO DER',3),
	(78,'TAPA DE COSTADO IZQ.',3),
	(79,'TAPA DE 5ta PUERTA',3),
	(80,'CIELO',3),
	(81,'ALFOMBRA DE CAJUELA',3),
	(82,'CINTURO DEL DER.',3),
	(83,'CINTURO DEL IZQ.',3),
	(84,'CINTURON TRAS IZQ',3),
	(85,'CINTURON TRAS DER.',3),
	(86,'BOLSA DE AIRE PILOTO',3),
	(87,'BOLSA DE AIRE COPILOTO',3),
	(88,'BOLSA CORTINA IZQ',3),
	(89,'BOLSA CORTINA DER',3),
	(90,'COSTADO ',4),
	(91,'CAJA RUEDA',4),
	(92,'ESTRIBO ',4),
	(93,'ESTRIBO INTERIOR',4),
	(94,'MOLDURA COSTADO IZQ',4),
	(95,'PUERTA DELANTERA',4),
	(96,'LIENZO PUERTA DEL',4),
	(97,'CA„UELA DEL',4),
	(98,'CRISTAL DEL',4),
	(99,'MANIJA PUERTA EXT/INT',4),
	(100,'BASE DE MANIJA INT/EXT',4),
	(101,'RETROVISOR /LUNA',4),
	(102,'PUERTA TRASERA',4),
	(103,'LIENZO PUERTA TRAS',4),
	(104,'CA„UELA TRAS',4),
	(105,'CRISTAL TRAS. ',4),
	(106,'MANIJA PUERTA EXT/INT',4),
	(107,'BASE DE MANIJA INT/EXT',4),
	(108,'ALETA DE CRISTAL DEL/TRAS',4),
	(109,'BASTIDOR TRASERO ',4),
	(110,'POSTE DEL./TRAS/CENTRO',4),
	(111,'MOLDURA DE ESTRIBO',4),
	(112,'CHAPA DE PUERTA DEL IZQ.',4),
	(113,'CHAPA PUERTA TRAS IZQ.',4),
	(114,'LODERA DE COSTADO IZQ',4),
	(115,'CALCAMONIA DE POSTE DEL',4),
	(116,'CALCAMONIA DE POSTE TRAS',4),
	(117,'CALCAMONIA MARCO PUERTA DEL',4),
	(118,'CALAMONIA MARCO PUERTA TRAS',4),
	(119,'COSTADO ',5),
	(120,'CAJA RUEDA',5),
	(121,'ESTRIBO ',5),
	(122,'ESTRIBO INTERIOR',5),
	(123,'MOLDURA COSTADO IZQ',5),
	(124,'PUERTA DELANTERA',5),
	(125,'LIENZO PUERTA DEL',5),
	(126,'CA„UELA DEL',5),
	(127,'CRISTAL DEL',5),
	(128,'MANIJA PUERTA EXT/INT',5),
	(129,'BASE DE MANIJA INT/EXT',5),
	(130,'RETROVISOR /LUNA',5),
	(131,'PUERTA TRASERA',5),
	(132,'LIENZO PUERTA TRAS',5),
	(133,'CA„UELA TRAS',5),
	(134,'CRISTAL TRAS. ',5),
	(135,'MANIJA PUERTA EXT/INT',5),
	(136,'BASE DE MANIJA INT/EXT',5),
	(137,'ALETA DE CRISTAL DEL/TRAS',5),
	(138,'BASTIDOR TRASERO ',5),
	(139,'POSTE DEL./TRAS/CENTRO',5),
	(140,'MOLDURA DE ESTRIBO',5),
	(141,'CHAPA DE PUERTA DEL DRE.',5),
	(142,'CHAPA PUERTA TRASERA DER',5),
	(143,'LODERA DE COSTADO DER',5),
	(144,'CALCAMONIA DE POSTE DEL',5),
	(145,'CALCAMONIA DE POSTE TRAS',5),
	(146,'CALCAMONIA MARCO PUERTA DEL',5),
	(147,'CALAMONIA MARCO PUERTA TRAS',5),
	(148,'MOTOR COMPLETO',6),
	(149,'1/2 MOTOR',6),
	(150,'MONOBLOCK',6),
	(151,'SOPORTE DERECHO',6),
	(152,'SOPORTE IZQ',6),
	(153,'SOPORTE INFERIOR',6),
	(154,'RADIADOR',6),
	(155,'MOTOVENTILADOR',6),
	(156,'CONDENSADOR',6),
	(157,'BOMBA DE AGUA',6),
	(158,'BANDA',6),
	(159,'ALTERNADOR',6),
	(160,'CABLES DE BUJIAS',6),
	(161,'BOBINA',6),
	(162,'PCM',6),
	(163,'CAJA DE BATERIA',6),
	(164,'ARNES DE MOTOR',6),
	(165,'CUERPO DE ACELERACION',6),
	(166,'INYECTORES',6),
	(167,'FILTRO DE AIRE',6),
	(168,'PORTA FILTRO DE AIRE',6),
	(169,'TAPA DE VALVULAS',6),
	(170,'TAPA DE DISTRIBUCION',6),
	(171,'CARTER',6),
	(172,'FILTRO DE ACEITE',6),
	(173,'PORTA FILTRO DE ACEITE',6),
	(174,'TANQUE DE GASOLINA',6),
	(175,'TUBO DE ESCAPE',6),
	(176,'MULTIPLE DE ESCAPE ',6),
	(177,'SILENCIADOR',6),
	(178,'CATALIZADOR',6),
	(179,'MULTIPLE DE ADMICION',6),
	(180,'DEPOCITO ANTICONJELANTE',6),
	(181,'BOXINA DE CLAXON',6),
	(182,'CANISTER',6),
	(183,'RIEL DE INYECTORES',6),
	(184,'MANGUERA INF. DE RADIADOR',6),
	(185,'MANGUERA SUP. DE RADIADOR',6),
	(186,'BALLONETA ',6),
	(187,'FUNDA DE BALLONETA',6),
	(188,'COMPRESOR',6),
	(189,'TAPON DE RADIADOR ',6),
	(190,'AMORTIGUADOR DEL DER.',7),
	(191,'AMORTIGUADOR DEL IZQ. ',7),
	(192,'BASE AMORTIGUADOR DER.',7),
	(193,'BASE AMORTIGUADOR IZQ.',7),
	(194,'HORQUILLA DER',7),
	(195,'HORQUILLA IZQ. ',7),
	(196,'RIN',7),
	(197,'VALVULA',7),
	(198,'POLVERA',7),
	(199,'BARRA ESTABILIZADORA',7),
	(200,'MANGO DER',7),
	(201,'MAZA DER',7),
	(202,'BALERO DER.',7),
	(203,'MANGO IZQ.',7),
	(204,'MAZA IZQ',7),
	(205,'BALERO IZQ. ',7),
	(206,'DISCO DE FRENO',7),
	(207,'CALIPER',7),
	(208,'BALATAS',7),
	(209,'PUENTE DE SUSPENSIîN',7),
	(210,'ESLABON DELANTERO ',7),
	(211,'SENSOR ABS',7),
	(212,'MODULO ABS',7),
	(213,'BOOSTER ',7),
	(214,'BOMBA DE FRENOS ',7),
	(215,'DEPOCITO DE FRENOS',7),
	(216,'PUENTE ',8),
	(217,'AMORTIGUADOR IZQ.',8),
	(218,'AMOTIGUADOR DER',8),
	(219,'RIN ',8),
	(220,'VALVILA',8),
	(221,'POLVERA',8),
	(222,'BRAZO DE SUSPENSIîN IZQ',8),
	(223,'BRAZO DE SUSPENSIîN DER',8),
	(224,'BARRAESTABILIZADORA',8),
	(225,'DISCO / TAMBOR',8),
	(226,'MANGO DER',8),
	(227,'MAZA DER',8),
	(228,'BALERO DER.',8),
	(229,'MANGO IZQ.',8),
	(230,'MAZA IZQ',8),
	(231,'BALERO IZQ. ',8),
	(232,'VOLANTE',9),
	(233,'CONCLO DESLIZANTE',9),
	(234,'COLUMNA ',9),
	(235,'TAPA DE COLUMNA SUP',9),
	(236,'TAPA DE COLUMNA INF',9),
	(237,'CREMALLERA',9),
	(238,'BOMBA DE DIRECCION',9),
	(239,'DEPOCITO DE DIRECCION',9),
	(240,'TERMINAL EXT. DER',9),
	(241,'TERMINAL EXT.IZQ',9),
	(242,'TERMINAL INTERIOR IZQ',9),
	(243,'TERMINAL INTERIOR DER. ',9),
	(244,'BATERIA',10),
	(245,'ANTICONGELANTE',10),
	(246,'LIQUIDO DE FRENOS',10),
	(247,'ACEITE DE MOTOR',10),
	(248,'ACEITE DE TRASMICION',10),
	(249,'LLANTA ',10),
	(250,'LIQUIDO DE DIRECCION',10),
	(251,'FUSIBLE',10),
	(252,'CARGA DE GAS A/C',10),
	(253,'ACEITE DIFERENCIAL',10),
	(254,'SENSOR DE REVERSA',10),
	(255,'PROTECCIONES DE ESPEJO',10),
	(256,'TRANSMICION COMPLETA',11),
	(257,'HOUSING',11),
	(258,'CARTER DE TRANSMICION',11),
	(259,'SOPORTE SUP.',11),
	(260,'SOPORTE INF.',11),
	(261,'BALLONETA',11),
	(262,'CLUTCH',11),
	(263,'VOLANTE',11),
	(264,'ARNES DE TRANSMICION',11),
	(265,'CHICOTE BARRA SELECTORA',11),
	(266,'BASE DE BARRA SELECTORA',11),
	(267,'TAPA DE BARRA SELECTORA',11),
	(268,'CUBRE POLVO DE BARRA SELECTORA',11),
	(269,'BARRA SELECTORA',11),
	(270,'FLECHA CARDAN',11),
	(271,'FLECHA HOMOCINETICA IZQ.',11),
	(272,'FLECHA HOMOCINETICA DER.',11),
	(273,'DIFERENCIAL TRASERO',11),
	(274,'FLECHA LATERAL DERECHA',11),
	(275,'FLECHA LATERAL IZQ.',11),
	(276,'RETENES DE FLECHA IZQ.',11),
	(277,'RETENES DE FLECHA DER. ',11),
	(278,'CIELO',12),
	(279,'CINTURO DEL DER.',12),
	(280,'CINTURO DEL IZQ.',12),
	(281,'CINTURON TRAS IZQ',12),
	(282,'CINTURON TRAS DER.',12),
	(283,'BOLSA DE AIRE PILOTO',12),
	(284,'BOLSA DE AIRE RODILLA COPILOTO',12),
	(285,'BOLSA DE AIRE COPILOTO',12),
	(286,'BOLSA CORTINA IZQ',12),
	(287,'BOLSA CORTINA DER',12),
	(288,'MODULO RCM',12),
	(289,'ESPONJA DE ACIENTO IZQ.',12),
	(290,'ESPONJA DE ACIENTO DER.',12),
	(291,'FUNDA DE ACIENTO IZQ',12),
	(292,'FUNDA DE ACIENTO DER',12),
	(293,'MECANISMO DE ACIENTO IZQ',12),
	(294,'MECANISMO DE ACIENTO DER.',12),
	(295,'RESPALDO DE ACIENTO IZQ',12),
	(296,'RESPALDO DE ACIENTO DER.',12),
	(297,'LUMBAR',12),
	(298,'TABLERO',12),
	(299,'CLOSTER',12);

/*!40000 ALTER TABLE `bodyshop_subcategoria` ENABLE KEYS */;
UNLOCK TABLES;



/*!40111 SET SQL_NOTES=@OLD_SQL_NOTES */;
/*!40101 SET SQL_MODE=@OLD_SQL_MODE */;
/*!40014 SET FOREIGN_KEY_CHECKS=@OLD_FOREIGN_KEY_CHECKS */;
/*!40101 SET CHARACTER_SET_CLIENT=@OLD_CHARACTER_SET_CLIENT */;
/*!40101 SET CHARACTER_SET_RESULTS=@OLD_CHARACTER_SET_RESULTS */;
/*!40101 SET COLLATION_CONNECTION=@OLD_COLLATION_CONNECTION */;
